{"name":"9f550144-d300-4ae8-9338-c870d22a3983","id":"/providers/Microsoft.Flow/flows/9f550144-d300-4ae8-9338-c870d22a3983","type":"Microsoft.Flow/flows","properties":{"apiId":"/providers/Microsoft.PowerApps/apis/shared_logicflows","displayName":"Http -> Post your own adaptive card as the Flow bot to a channel","definition":{"metadata":{"workflowEntityId":null,"creator":{"id":"4b17c781-40a6-4459-b6dc-75675388579a","type":"User","tenantId":"fc7ca811-828e-47a7-9dd5-15a87fca03b5"},"provisioningMethod":"FromDefinition","failureAlertSubscription":true,"clientLastModifiedTime":"2020-06-18T22:35:52.5656616Z"},"$schema":"https://schema.management.azure.com/providers/Microsoft.Logic/schemas/2016-06-01/workflowdefinition.json#","contentVersion":"1.0.0.0","parameters":{"$connections":{"defaultValue":{},"type":"Object"},"$authentication":{"defaultValue":{},"type":"SecureObject"}},"triggers":{"manual":{"type":"Request","kind":"Http","inputs":{"schema":{}}}},"actions":{"Post_your_own_adaptive_card_as_the_Flow_bot_to_a_channel":{"runAfter":{},"metadata":{"flowSystemMetadata":{"swaggerOperationId":"PostChannelAdaptiveCard"}},"type":"ApiConnection","inputs":{"host":{"connection":{"name":"@parameters('$connections')['shared_teams']['connectionId']"},"api":{"runtimeUrl":"https://unitedstates-002.azure-apim.net/apim/teams"}},"method":"post","body":{"recipient":{"channelId":"19:754e191095034873b638e1c62366b53f@thread.tacv2"},"messageBody":"{\n  \"$schema\": \"http://adaptivecards.io/schemas/adaptive-card.json\",\n  \"type\": \"AdaptiveCard\",\n  \"version\": \"1.0\",\n  \"body\": [\n    {\n      \"type\": \"TextBlock\",\n      \"text\": \"Pickup the replacement part for Microwave\",\n      \"weight\": \"Bolder\",\n      \"size\": \"Medium\"\n    },\n    {\n      \"type\": \"ColumnSet\",\n      \"columns\": [\n        {\n          \"type\": \"Column\",\n          \"width\": \"auto\",\n          \"items\": [\n            {\n              \"type\": \"Image\",\n              \"url\": \"https://pbs.twimg.com/profile_images/3647943215/d7f12830b3c17a5a9e4afcc370e3a37e_400x400.jpeg\",\n              \"size\": \"Small\",\n              \"style\": \"Person\"\n            }\n          ]\n        },\n        {\n          \"type\": \"Column\",\n          \"width\": \"stretch\",\n          \"items\": [\n            {\n              \"type\": \"TextBlock\",\n              \"text\": \"Delivery Manager\",\n              \"weight\": \"Bolder\",\n              \"wrap\": true\n            },\n            {\n              \"type\": \"TextBlock\",\n              \"spacing\": \"None\",\n              \"text\": \"@{utcNow()}\",\n              \"isSubtle\": true,\n              \"wrap\": true\n            }\n          ]\n        }\n      ]\n    },\n    {\n      \"type\": \"TextBlock\",\n      \"text\": \"Please pick up the replacement part for Microwave from the warehouse and watch the training video for the installation instructions.\",\n      \"wrap\": true\n    },\n    {\n      \"type\": \"FactSet\",\n      \"facts\": [\n        {\n          \"title\": \"Part Name:\",\n          \"value\": \"Microwave Part\"\n        },\n        {\n          \"title\": \"Available:\",\n          \"value\": \"3\"\n        },\n        {\n          \"title\": \"Assigned to:\",\n          \"value\": \"Delivery Manager\"\n        },\n        {\n          \"title\": \"Due date:\",\n          \"value\": \"@{addDays(utcNow(),2)}\"\n        }\n      ]\n    }\n  ]\n}"},"path":"/flowbot/actions/adaptivecard/recipienttypes/channel","queries":{"groupId":"aa23cb3d-e0ff-461e-b08d-fcad34e6e3a8"},"authentication":"@parameters('$authentication')"}}},"outputs":{}},"connectionReferences":{"shared_teams":{"connectionName":"shared-teams-6bb7d19a-3ad4-4d33-bbc8-603ff6535e87","source":"Embedded","id":"/providers/Microsoft.PowerApps/apis/shared_teams","tier":"NotSpecified"}},"flowFailureAlertSubscribed":false}}