{"name":"8dbf0624-8773-4647-b20a-b10f1caa7340","id":"/providers/Microsoft.Flow/flows/8dbf0624-8773-4647-b20a-b10f1caa7340","type":"Microsoft.Flow/flows","properties":{"apiId":"/providers/Microsoft.PowerApps/apis/shared_logicflows","displayName":"Focus Inventory Check","definition":{"metadata":{"workflowEntityId":null,"creator":{"id":"f9647c33-6cd5-425f-87b5-a078bb281f02","type":"User","tenantId":"caba8622-d6ad-4bb7-a036-d0303c59f961"},"provisioningMethod":"FromDefinition","failureAlertSubscription":true,"clientLastModifiedTime":"2020-06-18T16:40:35.8672048Z"},"$schema":"https://schema.management.azure.com/providers/Microsoft.Logic/schemas/2016-06-01/workflowdefinition.json#","contentVersion":"1.0.0.0","parameters":{"$connections":{"defaultValue":{},"type":"Object"},"$authentication":{"defaultValue":{},"type":"SecureObject"}},"triggers":{"manual":{"type":"Request","kind":"Http","inputs":{"schema":{"type":"object","properties":{"TeamId":{"type":"string"},"ChannelId":{"type":"string"},"Tag":{"type":"string"}}}}}},"actions":{"Post_your_own_adaptive_card_as_the_Flow_bot_to_a_channel":{"runAfter":{},"metadata":{"flowSystemMetadata":{"swaggerOperationId":"PostChannelAdaptiveCard"}},"type":"ApiConnection","inputs":{"host":{"connection":{"name":"@parameters('$connections')['shared_teams']['connectionId']"},"api":{"runtimeUrl":"https://unitedstates-002.azure-apim.net/apim/teams"}},"method":"post","body":{"recipient":{"channelId":"@triggerBody()?['ChannelId']"},"messageBody":"{\n    \"$schema\": \"http://adaptivecards.io/schemas/adaptive-card.json\",\n    \"type\": \"AdaptiveCard\",\n    \"version\": \"1.0\",\n    \"body\": [\n        {\n            \"type\": \"TextBlock\",\n            \"text\": \"Pickup the replacement part @{triggerBody()?['Tag']}  \",\n            \"weight\": \"Bolder\",\n            \"size\": \"Medium\"\n        },\n        {\n            \"type\": \"ColumnSet\",\n            \"columns\": [\n                {\n                    \"type\": \"Column\",\n                    \"width\": \"auto\",\n                    \"items\": [\n                        {\n                            \"type\": \"Image\",\n                            \"url\": \"https://pbs.twimg.com/profile_images/3647943215/d7f12830b3c17a5a9e4afcc370e3a37e_400x400.jpeg\",\n                            \"size\": \"Small\",\n                            \"style\": \"Person\"\n                        }\n                    ]\n                },\n                {\n                    \"type\": \"Column\",\n                    \"width\": \"stretch\",\n                    \"items\": [\n                        {\n                            \"type\": \"TextBlock\",\n                            \"text\": \"Delivery Manager\",\n                            \"weight\": \"Bolder\",\n                            \"wrap\": true\n                        },\n                        {\n                            \"type\": \"TextBlock\",\n                            \"spacing\": \"None\",\n                            \"text\": \"@{utcNow()}\",\n                            \"isSubtle\": true,\n                            \"wrap\": true\n                        }\n                    ]\n                }\n            ]\n        },\n        {\n            \"type\": \"TextBlock\",\n            \"text\": \"Please pick up the replacement part  @{triggerBody()?['Tag']} from the warehouse and watch the training video for the installation instructions.\",\n            \"wrap\": true\n        },\n        {\n            \"type\": \"FactSet\",\n            \"facts\": [\n               {\n                    \"title\": \"Part Name:\",\n                    \"value\":\" @{triggerBody()?['Tag']}\"\n                },\n                {\n                    \"title\": \"Available:\",\n                    \"value\": \"3\"\n                },\n                {\n                    \"title\": \"Assigned to:\",\n                    \"value\": \"Delivery Manager\"\n                },\n                {\n                    \"title\": \"Due date:\",\n                    \"value\": \"@{addDays(utcNow(),2)}\"\n                }\n            ]\n        }\n    ]\n}"},"path":"/flowbot/actions/adaptivecard/recipienttypes/channel","queries":{"groupId":"@triggerBody()?['TeamId']"},"authentication":"@parameters('$authentication')"}}}},"connectionReferences":{"shared_teams":{"connectionName":"shared-teams-c26fbb5e-69ff-4399-a234-10b56cda57b2","source":"Embedded","id":"/providers/Microsoft.PowerApps/apis/shared_teams","tier":"NotSpecified"}},"flowFailureAlertSubscribed":false}}